DROP TABLE IF EXISTS `02_function_aggregate_table1`;

affected_rows: 0

CREATE TABLE `02_function_aggregate_table1` (
    `timestamp` timestamp NOT NULL,
    `arch` string TAG,
    `datacenter` string TAG,
    `value` int,
    `uvalue` uint64,
    timestamp KEY (timestamp)) ENGINE=Analytic
WITH(
	 enable_ttl='false'
);

affected_rows: 0

INSERT INTO `02_function_aggregate_table1`
    (`timestamp`, `arch`, `datacenter`, `value`, `uvalue`)
VALUES
    (1658304762, 'x86-64', 'china', 100, 10),
    (1658304763, 'x86-64', 'china', 200, 10),
    (1658304762, 'arm64', 'china', 110, 0),
    (1658304763, 'arm64', 'china', 210, 0);

affected_rows: 4

SELECT sum(`value`) FROM `02_function_aggregate_table1`;

SUM(02_function_aggregate_table1.value),
Int64(620),


SELECT
    `arch`,
    sum(`value`)
FROM
    `02_function_aggregate_table1`
WHERE
    `timestamp` BETWEEN 1658304763 AND 1658304763
GROUP BY
    `arch`
ORDER BY
    `arch` DESC;

arch,SUM(02_function_aggregate_table1.value),
String("x86-64"),Int64(200),
String("arm64"),Int64(210),


SELECT count(`value`) FROM `02_function_aggregate_table1`;

COUNT(02_function_aggregate_table1.value),
Int64(4),


SELECT avg(`value`) FROM `02_function_aggregate_table1`;

AVG(02_function_aggregate_table1.value),
Double(155.0),


SELECT max(`value`) FROM `02_function_aggregate_table1`;

MAX(02_function_aggregate_table1.value),
Int32(210),


SELECT min(`value`) FROM `02_function_aggregate_table1`;

MIN(02_function_aggregate_table1.value),
Int32(100),


SELECT min(`uvalue`) - max(`uvalue`) FROM `02_function_aggregate_table1`;

MIN(02_function_aggregate_table1.uvalue) - MAX(02_function_aggregate_table1.uvalue),
UInt64(18446744073709551606),


INSERT INTO `02_function_aggregate_table1`
    (`timestamp`, `arch`, `datacenter`, `value`)
VALUES
    (1658304762, 'x86-64', 'china', 100);

affected_rows: 1

SELECT count(`arch`) FROM `02_function_aggregate_table1`;

COUNT(02_function_aggregate_table1.arch),
Int64(4),


SELECT distinct(`arch`) FROM `02_function_aggregate_table1` ORDER BY `arch` DESC;

arch,
String("x86-64"),
String("arm64"),


SELECT count(distinct(`arch`)) FROM `02_function_aggregate_table1`;

COUNT(DISTINCT 02_function_aggregate_table1.arch),
Int64(2),


DROP TABLE `02_function_aggregate_table1`;

affected_rows: 0

